index	monomial	coefficient
1	1	-0.00000000000000000e+00
2	v	0.00000000000000000e+00
3	u	0.00000000000000000e+00
4	b	-0.00000000000000000e+00
5	v^2	0.00000000000000000e+00
6	u*v	0.00000000000000000e+00
7	u^2	-0.00000000000000000e+00
8	b*v	-0.00000000000000000e+00
9	b*u	0.00000000000000000e+00
10	b^2	-0.00000000000000000e+00
11	v^3	-0.00000000000000000e+00
12	u*v^2	0.00000000000000000e+00
13	u^2*v	0.00000000000000000e+00
14	u^3	0.00000000000000000e+00
15	b*v^2	-0.00000000000000000e+00
16	b*u*v	0.00000000000000000e+00
17	b*u^2	0.00000000000000000e+00
18	b^2*v	0.00000000000000000e+00
19	b^2*u	-0.00000000000000000e+00
20	b^3	0.00000000000000000e+00
21	v^4	0.00000000000000000e+00
22	u*v^3	0.00000000000000000e+00
23	u^2*v^2	-0.00000000000000000e+00
24	u^3*v	0.00000000000000000e+00
25	u^4	0.00000000000000000e+00
26	b*v^3	-0.00000000000000000e+00
27	b*u*v^2	0.00000000000000000e+00
28	b*u^2*v	-0.00000000000000000e+00
29	b*u^3	0.00000000000000000e+00
30	b^2*v^2	-0.00000000000000000e+00
31	b^2*u*v	0.00000000000000000e+00
32	b^2*u^2	0.00000000000000000e+00
33	b^3*v	-0.00000000000000000e+00
34	b^3*u	0.00000000000000000e+00
35	b^4	-0.00000000000000000e+00
36	v^5	-0.00000000000000000e+00
37	u*v^4	0.00000000000000000e+00
38	u^2*v^3	-0.00000000000000000e+00
39	u^3*v^2	0.00000000000000000e+00
40	u^4*v	0.00000000000000000e+00
41	u^5	-0.00000000000000000e+00
42	b*v^4	-0.00000000000000000e+00
43	b*u*v^3	0.00000000000000000e+00
44	b*u^2*v^2	-0.00000000000000000e+00
45	b*u^3*v	-0.00000000000000000e+00
46	b*u^4	0.00000000000000000e+00
47	b^2*v^3	-0.00000000000000000e+00
48	b^2*u*v^2	0.00000000000000000e+00
49	b^2*u^2*v	0.00000000000000000e+00
50	b^2*u^3	-0.00000000000000000e+00
51	b^3*v^2	-0.00000000000000000e+00
52	b^3*u*v	0.00000000000000000e+00
53	b^3*u^2	0.00000000000000000e+00
54	b^4*v	0.00000000000000000e+00
55	b^4*u	0.00000000000000000e+00
56	b^5	0.00000000000000000e+00
57	v^6	0.00000000000000000e+00
58	u*v^5	0.00000000000000000e+00
59	u^2*v^4	-0.00000000000000000e+00
60	u^3*v^3	0.00000000000000000e+00
61	u^4*v^2	-0.00000000000000000e+00
62	u^5*v	0.00000000000000000e+00
63	u^6	-0.00000000000000000e+00
64	b*v^5	-0.00000000000000000e+00
65	b*u*v^4	0.00000000000000000e+00
66	b*u^2*v^3	-0.00000000000000000e+00
67	b*u^3*v^2	0.00000000000000000e+00
68	b*u^4*v	-0.00000000000000000e+00
69	b*u^5	0.00000000000000000e+00
70	b^2*v^4	-0.00000000000000000e+00
71	b^2*u*v^3	0.00000000000000000e+00
72	b^2*u^2*v^2	-0.00000000000000000e+00
73	b^2*u^3*v	0.00000000000000000e+00
74	b^2*u^4	-0.00000000000000000e+00
75	b^3*v^3	-0.00000000000000000e+00
76	b^3*u*v^2	0.00000000000000000e+00
77	b^3*u^2*v	-0.00000000000000000e+00
78	b^3*u^3	0.00000000000000000e+00
79	b^4*v^2	-0.00000000000000000e+00
80	b^4*u*v	0.00000000000000000e+00
81	b^4*u^2	-0.00000000000000000e+00
82	b^5*v	-0.00000000000000000e+00
83	b^5*u	0.00000000000000000e+00
84	b^6	-0.00000000000000000e+00
85	v^7	-0.00000000000000000e+00
86	u*v^6	0.00000000000000000e+00
87	u^2*v^5	-0.00000000000000000e+00
88	u^3*v^4	0.00000000000000000e+00
89	u^4*v^3	-0.00000000000000000e+00
90	u^5*v^2	0.00000000000000000e+00
91	u^6*v	0.00000000000000000e+00
92	u^7	-0.00000000000000000e+00
93	b*v^6	-0.00000000000000000e+00
94	b*u*v^5	0.00000000000000000e+00
95	b*u^2*v^4	-0.00000000000000000e+00
96	b*u^3*v^3	-0.00000000000000000e+00
97	b*u^4*v^2	-0.00000000000000000e+00
98	b*u^5*v	-0.00000000000000000e+00
99	b*u^6	0.00000000000000000e+00
100	b^2*v^5	-0.00000000000000000e+00
101	b^2*u*v^4	0.00000000000000000e+00
102	b^2*u^2*v^3	-0.00000000000000000e+00
103	b^2*u^3*v^2	0.00000000000000000e+00
104	b^2*u^4*v	0.00000000000000000e+00
105	b^2*u^5	-0.00000000000000000e+00
106	b^3*v^4	-0.00000000000000000e+00
107	b^3*u*v^3	0.00000000000000000e+00
108	b^3*u^2*v^2	-0.00000000000000000e+00
109	b^3*u^3*v	-0.00000000000000000e+00
110	b^3*u^4	0.00000000000000000e+00
111	b^4*v^3	-0.00000000000000000e+00
112	b^4*u*v^2	-0.00000000000000000e+00
113	b^4*u^2*v	-0.00000000000000000e+00
114	b^4*u^3	-0.00000000000000000e+00
115	b^5*v^2	-0.00000000000000000e+00
116	b^5*u*v	0.00000000000000000e+00
117	b^5*u^2	0.00000000000000000e+00
118	b^6*v	5.54548444076681247e-05
119	b^6*u	1.28507851610925070e-04
120	b^7	3.77546559170909820e-06
121	v^8	0.00000000000000000e+00
122	u*v^7	0.00000000000000000e+00
123	u^2*v^6	-0.00000000000000000e+00
124	u^3*v^5	-0.00000000000000000e+00
125	u^4*v^4	-0.00000000000000000e+00
126	u^5*v^3	0.00000000000000000e+00
127	u^6*v^2	-0.00000000000000000e+00
128	u^7*v	0.00000000000000000e+00
129	u^8	-0.00000000000000000e+00
130	b*v^7	-0.00000000000000000e+00
131	b*u*v^6	0.00000000000000000e+00
132	b*u^2*v^5	-0.00000000000000000e+00
133	b*u^3*v^4	-0.00000000000000000e+00
134	b*u^4*v^3	-0.00000000000000000e+00
135	b*u^5*v^2	0.00000000000000000e+00
136	b*u^6*v	-0.00000000000000000e+00
137	b*u^7	0.00000000000000000e+00
138	b^2*v^6	-0.00000000000000000e+00
139	b^2*u*v^5	0.00000000000000000e+00
140	b^2*u^2*v^4	-0.00000000000000000e+00
141	b^2*u^3*v^3	-0.00000000000000000e+00
142	b^2*u^4*v^2	-0.00000000000000000e+00
143	b^2*u^5*v	0.00000000000000000e+00
144	b^2*u^6	-0.00000000000000000e+00
145	b^3*v^5	-0.00000000000000000e+00
146	b^3*u*v^4	0.00000000000000000e+00
147	b^3*u^2*v^3	-0.00000000000000000e+00
148	b^3*u^3*v^2	0.00000000000000000e+00
149	b^3*u^4*v	-0.00000000000000000e+00
150	b^3*u^5	0.00000000000000000e+00
151	b^4*v^4	-0.00000000000000000e+00
152	b^4*u*v^3	-0.00000000000000000e+00
153	b^4*u^2*v^2	-0.00000000000000000e+00
154	b^4*u^3*v	0.00000000000000000e+00
155	b^4*u^4	-0.00000000000000000e+00
156	b^5*v^3	-0.00000000000000000e+00
157	b^5*u*v^2	0.00000000000000000e+00
158	b^5*u^2*v	-0.00000000000000000e+00
159	b^5*u^3	0.00000000000000000e+00
160	b^6*v^2	-8.19616795400626014e-03
161	b^6*u*v	-2.31943322445243112e-03
162	b^6*u^2	-6.79961087904910243e-05
163	b^7*v	3.37079335303629768e-01
164	b^7*u	-6.60225855665015460e-01
165	b^8	-3.86530599150936682e-01
166	v^9	0.00000000000000000e+00
167	u*v^8	0.00000000000000000e+00
168	u^2*v^7	-0.00000000000000000e+00
169	u^3*v^6	0.00000000000000000e+00
170	u^4*v^5	-0.00000000000000000e+00
171	u^5*v^4	-0.00000000000000000e+00
172	u^6*v^3	-0.00000000000000000e+00
173	u^7*v^2	-0.00000000000000000e+00
174	u^8*v	0.00000000000000000e+00
175	u^9	-0.00000000000000000e+00
176	b*v^8	-0.00000000000000000e+00
177	b*u*v^7	0.00000000000000000e+00
178	b*u^2*v^6	-0.00000000000000000e+00
179	b*u^3*v^5	-0.00000000000000000e+00
180	b*u^4*v^4	-0.00000000000000000e+00
181	b*u^5*v^3	-0.00000000000000000e+00
182	b*u^6*v^2	-0.00000000000000000e+00
183	b*u^7*v	-0.00000000000000000e+00
184	b*u^8	0.00000000000000000e+00
185	b^2*v^7	-0.00000000000000000e+00
186	b^2*u*v^6	0.00000000000000000e+00
187	b^2*u^2*v^5	-0.00000000000000000e+00
188	b^2*u^3*v^4	-0.00000000000000000e+00
189	b^2*u^4*v^3	-0.00000000000000000e+00
190	b^2*u^5*v^2	0.00000000000000000e+00
191	b^2*u^6*v	0.00000000000000000e+00
192	b^2*u^7	-0.00000000000000000e+00
193	b^3*v^6	-0.00000000000000000e+00
194	b^3*u*v^5	0.00000000000000000e+00
195	b^3*u^2*v^4	-0.00000000000000000e+00
196	b^3*u^3*v^3	-0.00000000000000000e+00
197	b^3*u^4*v^2	-0.00000000000000000e+00
198	b^3*u^5*v	-0.00000000000000000e+00
199	b^3*u^6	0.00000000000000000e+00
200	b^4*v^5	-0.00000000000000000e+00
201	b^4*u*v^4	0.00000000000000000e+00
202	b^4*u^2*v^3	-0.00000000000000000e+00
203	b^4*u^3*v^2	-0.00000000000000000e+00
204	b^4*u^4*v	0.00000000000000000e+00
205	b^4*u^5	-0.00000000000000000e+00
206	b^5*v^4	-0.00000000000000000e+00
207	b^5*u*v^3	-0.00000000000000000e+00
208	b^5*u^2*v^2	-0.00000000000000000e+00
209	b^5*u^3*v	0.00000000000000000e+00
210	b^5*u^4	0.00000000000000000e+00
211	b^6*v^3	6.58948471064082775e-02
212	b^6*u*v^2	7.51092091616302610e-02
213	b^6*u^2*v	-4.08776523212537463e-03
214	b^6*u^3	0.00000000000000000e+00
215	b^7*v^2	3.35537658300529840e+00
216	b^7*u*v	-2.41158953015164279e+00
217	b^7*u^2	3.55277856482446308e-01
218	b^8*v	9.53891779714139609e+00
219	b^8*u	4.61834688413887751e-01
220	b^9	2.01087683153301899e+00
221	v^10	-0.00000000000000000e+00
222	u*v^9	0.00000000000000000e+00
223	u^2*v^8	-0.00000000000000000e+00
224	u^3*v^7	-0.00000000000000000e+00
225	u^4*v^6	-0.00000000000000000e+00
226	u^5*v^5	-0.00000000000000000e+00
227	u^6*v^4	-0.00000000000000000e+00
228	u^7*v^3	-0.00000000000000000e+00
229	u^8*v^2	0.00000000000000000e+00
230	u^9*v	-0.00000000000000000e+00
231	u^10	-0.00000000000000000e+00
232	b*v^9	0.00000000000000000e+00
233	b*u*v^8	0.00000000000000000e+00
234	b*u^2*v^7	-0.00000000000000000e+00
235	b*u^3*v^6	-0.00000000000000000e+00
236	b*u^4*v^5	-0.00000000000000000e+00
237	b*u^5*v^4	-0.00000000000000000e+00
238	b*u^6*v^3	-0.00000000000000000e+00
239	b*u^7*v^2	-0.00000000000000000e+00
240	b*u^8*v	-0.00000000000000000e+00
241	b*u^9	0.00000000000000000e+00
242	b^2*v^8	-0.00000000000000000e+00
243	b^2*u*v^7	0.00000000000000000e+00
244	b^2*u^2*v^6	-0.00000000000000000e+00
245	b^2*u^3*v^5	-0.00000000000000000e+00
246	b^2*u^4*v^4	-0.00000000000000000e+00
247	b^2*u^5*v^3	-0.00000000000000000e+00
248	b^2*u^6*v^2	-0.00000000000000000e+00
249	b^2*u^7*v	0.00000000000000000e+00
250	b^2*u^8	-0.00000000000000000e+00
251	b^3*v^7	-0.00000000000000000e+00
252	b^3*u*v^6	0.00000000000000000e+00
253	b^3*u^2*v^5	-0.00000000000000000e+00
254	b^3*u^3*v^4	-0.00000000000000000e+00
255	b^3*u^4*v^3	-0.00000000000000000e+00
256	b^3*u^5*v^2	0.00000000000000000e+00
257	b^3*u^6*v	-0.00000000000000000e+00
258	b^3*u^7	0.00000000000000000e+00
259	b^4*v^6	-0.00000000000000000e+00
260	b^4*u*v^5	-0.00000000000000000e+00
261	b^4*u^2*v^4	-0.00000000000000000e+00
262	b^4*u^3*v^3	-0.00000000000000000e+00
263	b^4*u^4*v^2	-0.00000000000000000e+00
264	b^4*u^5*v	0.00000000000000000e+00
265	b^4*u^6	-0.00000000000000000e+00
266	b^5*v^5	-0.00000000000000000e+00
267	b^5*u*v^4	-0.00000000000000000e+00
268	b^5*u^2*v^3	-0.00000000000000000e+00
269	b^5*u^3*v^2	-0.00000000000000000e+00
270	b^5*u^4*v	0.00000000000000000e+00
271	b^5*u^5	0.00000000000000000e+00
272	b^6*v^4	-5.76016758427099318e-01
273	b^6*u*v^3	-4.22350934163314429e-01
274	b^6*u^2*v^2	1.01703520769648628e-01
275	b^6*u^3*v	4.26861955360335193e-03
276	b^6*u^4	0.00000000000000000e+00
277	b^7*v^3	1.24969147674102903e+01
278	b^7*u*v^2	-2.91692411736474932e+00
279	b^7*u^2*v	-6.12070229846651781e+00
280	b^7*u^3	0.00000000000000000e+00
281	b^8*v^2	7.94494816017021144e+00
282	b^8*u*v	-4.53982812499086030e+00
283	b^8*u^2	-1.88604323610297939e+01
284	b^9*v	1.15706467721870752e+01
285	b^9*u	-9.14760660318312624e+00
286	b^10	-3.52894499531260397e+00
287	v^11	-0.00000000000000000e+00
288	u*v^10	0.00000000000000000e+00
289	u^2*v^9	0.00000000000000000e+00
290	u^3*v^8	0.00000000000000000e+00
291	u^4*v^7	-0.00000000000000000e+00
292	u^5*v^6	-0.00000000000000000e+00
293	u^6*v^5	-0.00000000000000000e+00
294	u^7*v^4	-0.00000000000000000e+00
295	u^8*v^3	0.00000000000000000e+00
296	u^9*v^2	-0.00000000000000000e+00
297	u^10*v	0.00000000000000000e+00
298	u^11	-0.00000000000000000e+00
299	b*v^10	0.00000000000000000e+00
300	b*u*v^9	0.00000000000000000e+00
301	b*u^2*v^8	-0.00000000000000000e+00
302	b*u^3*v^7	-0.00000000000000000e+00
303	b*u^4*v^6	-0.00000000000000000e+00
304	b*u^5*v^5	-0.00000000000000000e+00
305	b*u^6*v^4	-0.00000000000000000e+00
306	b*u^7*v^3	-0.00000000000000000e+00
307	b*u^8*v^2	0.00000000000000000e+00
308	b*u^9*v	0.00000000000000000e+00
309	b*u^10	0.00000000000000000e+00
310	b^2*v^9	-0.00000000000000000e+00
311	b^2*u*v^8	0.00000000000000000e+00
312	b^2*u^2*v^7	-0.00000000000000000e+00
313	b^2*u^3*v^6	-0.00000000000000000e+00
314	b^2*u^4*v^5	-0.00000000000000000e+00
315	b^2*u^5*v^4	-0.00000000000000000e+00
316	b^2*u^6*v^3	-0.00000000000000000e+00
317	b^2*u^7*v^2	-0.00000000000000000e+00
318	b^2*u^8*v	0.00000000000000000e+00
319	b^2*u^9	-0.00000000000000000e+00
320	b^3*v^8	-0.00000000000000000e+00
321	b^3*u*v^7	0.00000000000000000e+00
322	b^3*u^2*v^6	-0.00000000000000000e+00
323	b^3*u^3*v^5	-0.00000000000000000e+00
324	b^3*u^4*v^4	-0.00000000000000000e+00
325	b^3*u^5*v^3	-0.00000000000000000e+00
326	b^3*u^6*v^2	-0.00000000000000000e+00
327	b^3*u^7*v	-0.00000000000000000e+00
328	b^3*u^8	0.00000000000000000e+00
329	b^4*v^7	-0.00000000000000000e+00
330	b^4*u*v^6	0.00000000000000000e+00
331	b^4*u^2*v^5	-0.00000000000000000e+00
332	b^4*u^3*v^4	-0.00000000000000000e+00
333	b^4*u^4*v^3	-0.00000000000000000e+00
334	b^4*u^5*v^2	0.00000000000000000e+00
335	b^4*u^6*v	0.00000000000000000e+00
336	b^4*u^7	-0.00000000000000000e+00
337	b^5*v^6	-0.00000000000000000e+00
338	b^5*u*v^5	-0.00000000000000000e+00
339	b^5*u^2*v^4	-0.00000000000000000e+00
340	b^5*u^3*v^3	-0.00000000000000000e+00
341	b^5*u^4*v^2	-0.00000000000000000e+00
342	b^5*u^5*v	0.00000000000000000e+00
343	b^5*u^6	0.00000000000000000e+00
344	b^6*v^5	5.25822505409384799e-01
345	b^6*u*v^4	1.44449354081143544e+00
346	b^6*u^2*v^3	-3.35225421646421884e-01
347	b^6*u^3*v^2	1.22177662573139956e+00
348	b^6*u^4*v	-3.54745495201699639e-04
349	b^6*u^5	0.00000000000000000e+00
350	b^7*v^4	1.25720719935046521e+01
351	b^7*u*v^3	-9.33523776334949512e-02
352	b^7*u^2*v^2	-5.79614349027181941e+00
353	b^7*u^3*v	-5.10416687516070411e+00
354	b^7*u^4	0.00000000000000000e+00
355	b^8*v^3	8.71740794780491690e+00
356	b^8*u*v^2	-3.59069487140327048e+00
357	b^8*u^2*v	-1.29648668369391693e+01
358	b^8*u^3	0.00000000000000000e+00
359	b^9*v^2	8.54583318104152312e+00
360	b^9*u*v	-3.48704103892149148e-02
361	b^9*u^2	-1.31329211768855298e+01
362	b^10*v	1.25941044950209449e+01
363	b^10*u	-9.09264281058258206e+00
364	b^11	2.27117773165161507e+00
365	v^12	0.00000000000000000e+00
366	u*v^11	-0.00000000000000000e+00
367	u^2*v^10	-0.00000000000000000e+00
368	u^3*v^9	-0.00000000000000000e+00
369	u^4*v^8	-0.00000000000000000e+00
370	u^5*v^7	-0.00000000000000000e+00
371	u^6*v^6	-0.00000000000000000e+00
372	u^7*v^5	-0.00000000000000000e+00
373	u^8*v^4	0.00000000000000000e+00
374	u^9*v^3	-0.00000000000000000e+00
375	u^10*v^2	0.00000000000000000e+00
376	u^11*v	0.00000000000000000e+00
377	u^12	0.00000000000000000e+00
378	b*v^11	0.00000000000000000e+00
379	b*u*v^10	0.00000000000000000e+00
380	b*u^2*v^9	-0.00000000000000000e+00
381	b*u^3*v^8	-0.00000000000000000e+00
382	b*u^4*v^7	-0.00000000000000000e+00
383	b*u^5*v^6	-0.00000000000000000e+00
384	b*u^6*v^5	-0.00000000000000000e+00
385	b*u^7*v^4	-0.00000000000000000e+00
386	b*u^8*v^3	0.00000000000000000e+00
387	b*u^9*v^2	0.00000000000000000e+00
388	b*u^10*v	0.00000000000000000e+00
389	b*u^11	0.00000000000000000e+00
390	b^2*v^10	0.00000000000000000e+00
391	b^2*u*v^9	0.00000000000000000e+00
392	b^2*u^2*v^8	-0.00000000000000000e+00
393	b^2*u^3*v^7	-0.00000000000000000e+00
394	b^2*u^4*v^6	-0.00000000000000000e+00
395	b^2*u^5*v^5	-0.00000000000000000e+00
396	b^2*u^6*v^4	-0.00000000000000000e+00
397	b^2*u^7*v^3	-0.00000000000000000e+00
398	b^2*u^8*v^2	0.00000000000000000e+00
399	b^2*u^9*v	0.00000000000000000e+00
400	b^2*u^10	-0.00000000000000000e+00
401	b^3*v^9	-0.00000000000000000e+00
402	b^3*u*v^8	0.00000000000000000e+00
403	b^3*u^2*v^7	-0.00000000000000000e+00
404	b^3*u^3*v^6	-0.00000000000000000e+00
405	b^3*u^4*v^5	-0.00000000000000000e+00
406	b^3*u^5*v^4	-0.00000000000000000e+00
407	b^3*u^6*v^3	-0.00000000000000000e+00
408	b^3*u^7*v^2	-0.00000000000000000e+00
409	b^3*u^8*v	0.00000000000000000e+00
410	b^3*u^9	-0.00000000000000000e+00
411	b^4*v^8	-0.00000000000000000e+00
412	b^4*u*v^7	-0.00000000000000000e+00
413	b^4*u^2*v^6	-0.00000000000000000e+00
414	b^4*u^3*v^5	-0.00000000000000000e+00
415	b^4*u^4*v^4	-0.00000000000000000e+00
416	b^4*u^5*v^3	-0.00000000000000000e+00
417	b^4*u^6*v^2	-0.00000000000000000e+00
418	b^4*u^7*v	0.00000000000000000e+00
419	b^4*u^8	-0.00000000000000000e+00
420	b^5*v^7	-0.00000000000000000e+00
421	b^5*u*v^6	-0.00000000000000000e+00
422	b^5*u^2*v^5	-0.00000000000000000e+00
423	b^5*u^3*v^4	-0.00000000000000000e+00
424	b^5*u^4*v^3	-0.00000000000000000e+00
425	b^5*u^5*v^2	0.00000000000000000e+00
426	b^5*u^6*v	0.00000000000000000e+00
427	b^5*u^7	0.00000000000000000e+00
428	b^6*v^6	-7.63819594747579989e-01
429	b^6*u*v^5	-1.87687751570245975e+00
430	b^6*u^2*v^4	9.56223433851499549e-01
431	b^6*u^3*v^3	-6.84698940988415328e-01
432	b^6*u^4*v^2	-1.91487506057718804e+00
433	b^6*u^5*v	0.00000000000000000e+00
434	b^6*u^6	0.00000000000000000e+00
435	b^7*v^5	7.86455611768617491e+00
436	b^7*u*v^4	-3.44069506723839114e+00
437	b^7*u^2*v^3	-3.64241647939724000e+00
438	b^7*u^3*v^2	-7.40390084966039463e+00
439	b^7*u^4*v	-5.54801080779733358e+00
440	b^7*u^5	0.00000000000000000e+00
441	b^8*v^4	6.23793467332763907e+00
442	b^8*u*v^3	-7.70488858345549144e-01
443	b^8*u^2*v^2	-2.49252099353425338e+00
444	b^8*u^3*v	-4.47739635756961629e+00
445	b^8*u^4	0.00000000000000000e+00
446	b^9*v^3	6.21706080496209701e+00
447	b^9*u*v^2	-1.30128939383141184e+00
448	b^9*u^2*v	-4.69245664792240902e+00
449	b^9*u^3	-1.35395804614673967e+01
450	b^10*v^2	8.72421508970772308e+00
451	b^10*u*v	8.23617352476891829e-01
452	b^10*u^2	-9.66633228504435493e+00
453	b^11*v	1.01859828875838758e+01
454	b^11*u	-1.32031826342923306e+01
455	b^12	-2.75390225230814800e-01
456	u*v^12	0.00000000000000000e+00
457	u^2*v^11	-0.00000000000000000e+00
458	u^3*v^10	-0.00000000000000000e+00
459	u^4*v^9	0.00000000000000000e+00
460	u^5*v^8	-0.00000000000000000e+00
461	u^6*v^7	-0.00000000000000000e+00
462	u^7*v^6	-0.00000000000000000e+00
463	u^8*v^5	0.00000000000000000e+00
464	u^9*v^4	-0.00000000000000000e+00
465	u^10*v^3	0.00000000000000000e+00
466	u^11*v^2	0.00000000000000000e+00
467	u^12*v	0.00000000000000000e+00
468	b*v^12	0.00000000000000000e+00
469	b*u*v^11	0.00000000000000000e+00
470	b*u^2*v^10	-0.00000000000000000e+00
471	b*u^3*v^9	-0.00000000000000000e+00
472	b*u^4*v^8	-0.00000000000000000e+00
473	b*u^5*v^7	-0.00000000000000000e+00
474	b*u^6*v^6	-0.00000000000000000e+00
475	b*u^7*v^5	-0.00000000000000000e+00
476	b*u^8*v^4	0.00000000000000000e+00
477	b*u^9*v^3	0.00000000000000000e+00
478	b*u^10*v^2	-0.00000000000000000e+00
479	b*u^11*v	-0.00000000000000000e+00
480	b*u^12	0.00000000000000000e+00
481	b^2*v^11	0.00000000000000000e+00
482	b^2*u*v^10	0.00000000000000000e+00
483	b^2*u^2*v^9	0.00000000000000000e+00
484	b^2*u^3*v^8	-0.00000000000000000e+00
485	b^2*u^4*v^7	-0.00000000000000000e+00
486	b^2*u^5*v^6	-0.00000000000000000e+00
487	b^2*u^6*v^5	-0.00000000000000000e+00
488	b^2*u^7*v^4	-0.00000000000000000e+00
489	b^2*u^8*v^3	0.00000000000000000e+00
490	b^2*u^9*v^2	-0.00000000000000000e+00
491	b^2*u^10*v	0.00000000000000000e+00
492	b^2*u^11	0.00000000000000000e+00
493	b^3*v^10	0.00000000000000000e+00
494	b^3*u*v^9	0.00000000000000000e+00
495	b^3*u^2*v^8	-0.00000000000000000e+00
496	b^3*u^3*v^7	-0.00000000000000000e+00
497	b^3*u^4*v^6	-0.00000000000000000e+00
498	b^3*u^5*v^5	-0.00000000000000000e+00
499	b^3*u^6*v^4	-0.00000000000000000e+00
500	b^3*u^7*v^3	-0.00000000000000000e+00
501	b^3*u^8*v^2	0.00000000000000000e+00
502	b^3*u^9*v	-0.00000000000000000e+00
503	b^3*u^10	0.00000000000000000e+00
504	b^4*v^9	0.00000000000000000e+00
505	b^4*u*v^8	0.00000000000000000e+00
506	b^4*u^2*v^7	-0.00000000000000000e+00
507	b^4*u^3*v^6	-0.00000000000000000e+00
508	b^4*u^4*v^5	-0.00000000000000000e+00
509	b^4*u^5*v^4	-0.00000000000000000e+00
510	b^4*u^6*v^3	-0.00000000000000000e+00
511	b^4*u^7*v^2	-0.00000000000000000e+00
512	b^4*u^8*v	0.00000000000000000e+00
513	b^4*u^9	-0.00000000000000000e+00
514	b^5*v^8	-0.00000000000000000e+00
515	b^5*u*v^7	-0.00000000000000000e+00
516	b^5*u^2*v^6	-0.00000000000000000e+00
517	b^5*u^3*v^5	-0.00000000000000000e+00
518	b^5*u^4*v^4	-0.00000000000000000e+00
519	b^5*u^5*v^3	-0.00000000000000000e+00
520	b^5*u^6*v^2	-0.00000000000000000e+00
521	b^5*u^7*v	0.00000000000000000e+00
522	b^5*u^8	0.00000000000000000e+00
523	b^6*v^7	-0.00000000000000000e+00
524	b^6*u*v^6	1.07347679606690249e+00
525	b^6*u^2*v^5	3.78775251147252856e-01
526	b^6*u^3*v^4	-1.25673455172220194e+00
527	b^6*u^4*v^3	5.68991969974758094e-01
528	b^6*u^5*v^2	1.06569455312580352e+00
529	b^6*u^6*v	0.00000000000000000e+00
530	b^6*u^7	0.00000000000000000e+00
531	b^7*v^6	4.92365378877104298e+00
532	b^7*u*v^5	-3.09731849201957044e+00
533	b^7*u^2*v^4	-4.40803488775935115e+00
534	b^7*u^3*v^3	-4.25871711997326408e+00
535	b^7*u^4*v^2	-6.38102140809928553e+00
536	b^7*u^5*v	0.00000000000000000e+00
537	b^7*u^6	0.00000000000000000e+00
538	b^8*v^5	6.81046511704521418e+00
539	b^8*u*v^4	2.66337419845618317e-01
540	b^8*u^2*v^3	-1.19747812116970120e+00
541	b^8*u^3*v^2	-2.69811717315033350e+00
542	b^8*u^4*v	-5.02688229141603315e+00
543	b^8*u^5	0.00000000000000000e+00
544	b^9*v^4	5.75630774691909419e+00
545	b^9*u*v^3	4.38310726348955959e-01
546	b^9*u^2*v^2	-7.47108677155638112e-01
547	b^9*u^3*v	-4.05792542870904516e+00
548	b^9*u^4	1.92279640349984730e-02
549	b^10*v^3	5.43222525526795863e+00
550	b^10*u*v^2	7.23006951886250526e-01
551	b^10*u^2*v	-1.88707384710743017e-03
552	b^10*u^3	-8.08837788986348016e+00
553	b^11*v^2	8.00305334245418010e+00
554	b^11*u*v	2.91124950968904539e+00
555	b^11*u^2	-2.99505497821218736e+00
556	b^12*v	7.49829758187699369e+00
557	b^12*u	-1.21761850094765052e+01
558	b^13	-7.56187753095043103e-02
559	u^2*v^12	0.00000000000000000e+00
560	u^3*v^11	-0.00000000000000000e+00
561	u^4*v^10	-0.00000000000000000e+00
562	u^5*v^9	-0.00000000000000000e+00
563	u^6*v^8	-0.00000000000000000e+00
564	u^7*v^7	-0.00000000000000000e+00
565	u^8*v^6	0.00000000000000000e+00
566	u^9*v^5	-0.00000000000000000e+00
567	u^10*v^4	0.00000000000000000e+00
568	u^11*v^3	-0.00000000000000000e+00
569	u^12*v^2	0.00000000000000000e+00
570	b*u*v^12	-0.00000000000000000e+00
571	b*u^2*v^11	-0.00000000000000000e+00
572	b*u^3*v^10	0.00000000000000000e+00
573	b*u^4*v^9	0.00000000000000000e+00
574	b*u^5*v^8	-0.00000000000000000e+00
575	b*u^6*v^7	-0.00000000000000000e+00
576	b*u^7*v^6	-0.00000000000000000e+00
577	b*u^8*v^5	-0.00000000000000000e+00
578	b*u^9*v^4	0.00000000000000000e+00
579	b*u^10*v^3	-0.00000000000000000e+00
580	b*u^11*v^2	0.00000000000000000e+00
581	b*u^12*v	-0.00000000000000000e+00
582	b^2*v^12	0.00000000000000000e+00
583	b^2*u*v^11	0.00000000000000000e+00
584	b^2*u^2*v^10	-0.00000000000000000e+00
585	b^2*u^3*v^9	-0.00000000000000000e+00
586	b^2*u^4*v^8	-0.00000000000000000e+00
587	b^2*u^5*v^7	-0.00000000000000000e+00
588	b^2*u^6*v^6	-0.00000000000000000e+00
589	b^2*u^7*v^5	-0.00000000000000000e+00
590	b^2*u^8*v^4	-0.00000000000000000e+00
591	b^2*u^9*v^3	-0.00000000000000000e+00
592	b^2*u^10*v^2	0.00000000000000000e+00
593	b^2*u^11*v	0.00000000000000000e+00
594	b^2*u^12	-0.00000000000000000e+00
595	b^3*v^11	-0.00000000000000000e+00
596	b^3*u*v^10	0.00000000000000000e+00
597	b^3*u^2*v^9	-0.00000000000000000e+00
598	b^3*u^3*v^8	-0.00000000000000000e+00
599	b^3*u^4*v^7	-0.00000000000000000e+00
600	b^3*u^5*v^6	-0.00000000000000000e+00
601	b^3*u^6*v^5	-0.00000000000000000e+00
602	b^3*u^7*v^4	-0.00000000000000000e+00
603	b^3*u^8*v^3	-0.00000000000000000e+00
604	b^3*u^9*v^2	-0.00000000000000000e+00
605	b^3*u^10*v	-0.00000000000000000e+00
606	b^3*u^11	0.00000000000000000e+00
607	b^4*v^10	-0.00000000000000000e+00
608	b^4*u*v^9	0.00000000000000000e+00
609	b^4*u^2*v^8	-0.00000000000000000e+00
610	b^4*u^3*v^7	-0.00000000000000000e+00
611	b^4*u^4*v^6	-0.00000000000000000e+00
612	b^4*u^5*v^5	-0.00000000000000000e+00
613	b^4*u^6*v^4	-0.00000000000000000e+00
614	b^4*u^7*v^3	-0.00000000000000000e+00
615	b^4*u^8*v^2	-0.00000000000000000e+00
616	b^4*u^9*v	-0.00000000000000000e+00
617	b^4*u^10	0.00000000000000000e+00
618	b^5*v^9	-0.00000000000000000e+00
619	b^5*u*v^8	-0.00000000000000000e+00
620	b^5*u^2*v^7	-0.00000000000000000e+00
621	b^5*u^3*v^6	-0.00000000000000000e+00
622	b^5*u^4*v^5	-0.00000000000000000e+00
623	b^5*u^5*v^4	-0.00000000000000000e+00
624	b^5*u^6*v^3	-0.00000000000000000e+00
625	b^5*u^7*v^2	-0.00000000000000000e+00
626	b^5*u^8*v	-0.00000000000000000e+00
627	b^5*u^9	0.00000000000000000e+00
628	b^6*v^8	-0.00000000000000000e+00
629	b^6*u*v^7	-0.00000000000000000e+00
630	b^6*u^2*v^6	5.95085605054411881e-01
631	b^6*u^3*v^5	-4.40319062166815600e-01
632	b^6*u^4*v^4	3.24083362426492982e+00
633	b^6*u^5*v^3	-6.69518779273023945e-01
634	b^6*u^6*v^2	-2.05668646525177440e-01
635	b^6*u^7*v	0.00000000000000000e+00
636	b^6*u^8	0.00000000000000000e+00
637	b^7*v^7	-0.00000000000000000e+00
638	b^7*u*v^6	-1.81568785643549768e+00
639	b^7*u^2*v^5	-1.65560599056632451e+00
640	b^7*u^3*v^4	-3.05335714936866376e+00
641	b^7*u^4*v^3	-2.64861417293434043e+00
642	b^7*u^5*v^2	-3.68437785391163519e+00
643	b^7*u^6*v	0.00000000000000000e+00
644	b^7*u^7	0.00000000000000000e+00
645	b^8*v^6	5.25723596821068817e+00
646	b^8*u*v^5	5.25442325655728237e-01
647	b^8*u^2*v^4	-6.79714178797819757e-02
648	b^8*u^3*v^3	-1.23079294007717688e+00
649	b^8*u^4*v^2	-3.13949034773391489e+00
650	b^8*u^5*v	-2.36921442878743171e+00
651	b^8*u^6	0.00000000000000000e+00
652	b^9*v^5	5.67831175116068021e+00
653	b^9*u*v^4	1.44799050233265914e+00
654	b^9*u^2*v^3	9.64160551830785806e-02
655	b^9*u^3*v^2	-1.22834391218795913e+00
656	b^9*u^4*v	-1.99691940586808991e+00
657	b^9*u^5	0.00000000000000000e+00
658	b^10*v^4	5.32478181230658798e+00
659	b^10*u*v^3	1.69262802542384372e+00
660	b^10*u^2*v^2	9.30207779605651541e-02
661	b^10*u^3*v	-1.97931266460450694e+00
662	b^10*u^4	-8.24525166662031594e+00
663	b^11*v^3	5.28846813445017805e+00
664	b^11*u*v^2	1.83887059054255175e+00
665	b^11*u^2*v	9.60720789413606335e-03
666	b^11*u^3	-7.17235244274980754e+00
667	b^12*v^2	6.71577161271954637e+00
668	b^12*u*v	2.13295224921966975e+00
669	b^12*u^2	-3.67390904649896921e+00
670	b^13*v	4.09924820585098715e+00
671	b^13*u	-1.26614878888479758e+01
672	b^14	-0.00000000000000000e+00
673	u^3*v^12	-0.00000000000000000e+00
674	u^4*v^11	-0.00000000000000000e+00
675	u^5*v^10	0.00000000000000000e+00
676	u^6*v^9	0.00000000000000000e+00
677	u^7*v^8	-0.00000000000000000e+00
678	u^8*v^7	-0.00000000000000000e+00
679	u^9*v^6	-0.00000000000000000e+00
680	u^10*v^5	0.00000000000000000e+00
681	u^11*v^4	-0.00000000000000000e+00
682	u^12*v^3	0.00000000000000000e+00
683	b*u^2*v^12	-0.00000000000000000e+00
684	b*u^3*v^11	-0.00000000000000000e+00
685	b*u^4*v^10	0.00000000000000000e+00
686	b*u^5*v^9	-0.00000000000000000e+00
687	b*u^6*v^8	-0.00000000000000000e+00
688	b*u^7*v^7	-0.00000000000000000e+00
689	b*u^8*v^6	-0.00000000000000000e+00
690	b*u^9*v^5	0.00000000000000000e+00
691	b*u^10*v^4	-0.00000000000000000e+00
692	b*u^11*v^3	0.00000000000000000e+00
693	b*u^12*v^2	-0.00000000000000000e+00
694	b^2*u*v^12	0.00000000000000000e+00
695	b^2*u^2*v^11	-0.00000000000000000e+00
696	b^2*u^3*v^10	0.00000000000000000e+00
697	b^2*u^4*v^9	0.00000000000000000e+00
698	b^2*u^5*v^8	-0.00000000000000000e+00
699	b^2*u^6*v^7	-0.00000000000000000e+00
700	b^2*u^7*v^6	-0.00000000000000000e+00
701	b^2*u^8*v^5	-0.00000000000000000e+00
702	b^2*u^9*v^4	-0.00000000000000000e+00
703	b^2*u^10*v^3	0.00000000000000000e+00
704	b^2*u^11*v^2	0.00000000000000000e+00
705	b^2*u^12*v	-0.00000000000000000e+00
706	b^3*v^12	-0.00000000000000000e+00
707	b^3*u*v^11	0.00000000000000000e+00
708	b^3*u^2*v^10	-0.00000000000000000e+00
709	b^3*u^3*v^9	-0.00000000000000000e+00
710	b^3*u^4*v^8	-0.00000000000000000e+00
711	b^3*u^5*v^7	-0.00000000000000000e+00
712	b^3*u^6*v^6	-0.00000000000000000e+00
713	b^3*u^7*v^5	-0.00000000000000000e+00
714	b^3*u^8*v^4	-0.00000000000000000e+00
715	b^3*u^9*v^3	-0.00000000000000000e+00
716	b^3*u^10*v^2	0.00000000000000000e+00
717	b^3*u^11*v	0.00000000000000000e+00
718	b^3*u^12	0.00000000000000000e+00
719	b^4*v^11	0.00000000000000000e+00
720	b^4*u*v^10	-0.00000000000000000e+00
721	b^4*u^2*v^9	-0.00000000000000000e+00
722	b^4*u^3*v^8	-0.00000000000000000e+00
723	b^4*u^4*v^7	-0.00000000000000000e+00
724	b^4*u^5*v^6	-0.00000000000000000e+00
725	b^4*u^6*v^5	-0.00000000000000000e+00
726	b^4*u^7*v^4	-0.00000000000000000e+00
727	b^4*u^8*v^3	-0.00000000000000000e+00
728	b^4*u^9*v^2	0.00000000000000000e+00
729	b^4*u^10*v	0.00000000000000000e+00
730	b^4*u^11	-0.00000000000000000e+00
731	b^5*v^10	0.00000000000000000e+00
732	b^5*u*v^9	-0.00000000000000000e+00
733	b^5*u^2*v^8	-0.00000000000000000e+00
734	b^5*u^3*v^7	-0.00000000000000000e+00
735	b^5*u^4*v^6	-0.00000000000000000e+00
736	b^5*u^5*v^5	-0.00000000000000000e+00
737	b^5*u^6*v^4	-0.00000000000000000e+00
738	b^5*u^7*v^3	-0.00000000000000000e+00
739	b^5*u^8*v^2	-0.00000000000000000e+00
740	b^5*u^9*v	0.00000000000000000e+00
741	b^5*u^10	-0.00000000000000000e+00
742	b^6*v^9	0.00000000000000000e+00
743	b^6*u*v^8	-0.00000000000000000e+00
744	b^6*u^2*v^7	-0.00000000000000000e+00
745	b^6*u^3*v^6	6.82962751015833369e-01
746	b^6*u^4*v^5	-2.49037489702431092e+00
747	b^6*u^5*v^4	-4.48919625965940539e-01
748	b^6*u^6*v^3	2.31349428454607459e-01
749	b^6*u^7*v^2	-0.00000000000000000e+00
750	b^6*u^8*v	-0.00000000000000000e+00
751	b^6*u^9	-0.00000000000000000e+00
752	b^7*v^8	-0.00000000000000000e+00
753	b^7*u*v^7	-0.00000000000000000e+00
754	b^7*u^2*v^6	1.25195797949409549e-01
755	b^7*u^3*v^5	1.33627422146954955e+00
756	b^7*u^4*v^4	-1.15524925185729233e+00
757	b^7*u^5*v^3	-5.01771611036156195e-01
758	b^7*u^6*v^2	6.95794635689979790e-01
759	b^7*u^7*v	0.00000000000000000e+00
760	b^7*u^8	0.00000000000000000e+00
761	b^8*v^7	1.48769589201799002e-02
762	b^8*u*v^6	4.04348397421109773e+00
763	b^8*u^2*v^5	1.49050953818348542e+00
764	b^8*u^3*v^4	-1.79683539087557270e-01
765	b^8*u^4*v^3	-2.40322138255391976e-01
766	b^8*u^5*v^2	-2.22397225822043287e+00
767	b^8*u^6*v	8.44318205807129196e+00
768	b^8*u^7	0.00000000000000000e+00
769	b^9*v^6	7.97513515684595742e+00
770	b^9*u*v^5	3.14901317363381317e+00
771	b^9*u^2*v^4	1.32557473309484197e+00
772	b^9*u^3*v^3	4.44467874197387369e-01
773	b^9*u^4*v^2	-7.83205211226393971e-01
774	b^9*u^5*v	-3.01992140239442186e+00
775	b^9*u^6	0.00000000000000000e+00
776	b^10*v^5	6.67735751371241282e+00
777	b^10*u*v^4	2.56805851238712002e+00
778	b^10*u^2*v^3	8.88655768474843177e-01
779	b^10*u^3*v^2	-2.73824815921480225e-01
780	b^10*u^4*v	-2.29821888669622609e+00
781	b^10*u^5	0.00000000000000000e+00
782	b^11*v^4	5.94776122627946702e+00
783	b^11*u*v^3	2.32248734667172796e+00
784	b^11*u^2*v^2	6.68465532965097586e-01
785	b^11*u^3*v	-3.25530014898854247e-01
786	b^11*u^4	-5.18622400414667606e+00
787	b^12*v^3	5.73102123125527996e+00
788	b^12*u*v^2	2.53207002663031089e+00
789	b^12*u^2*v	1.05504984954353431e+00
790	b^12*u^3	-3.71198148421442697e+00
791	b^13*v^2	5.60425768229879573e+00
792	b^13*u*v	1.45850769430058680e+00
793	b^13*u^2	-3.57057034622782643e+00
794	b^14*v	1.35008239456067769e-01
795	b^14*u	5.20746161846143529e-01
796	b^15	-0.00000000000000000e+00
797	u^4*v^12	-0.00000000000000000e+00
798	u^5*v^11	-0.00000000000000000e+00
799	u^6*v^10	-0.00000000000000000e+00
800	u^7*v^9	-0.00000000000000000e+00
801	u^8*v^8	-0.00000000000000000e+00
802	u^9*v^7	-0.00000000000000000e+00
803	u^10*v^6	0.00000000000000000e+00
804	u^11*v^5	-0.00000000000000000e+00
805	u^12*v^4	0.00000000000000000e+00
806	b*u^3*v^12	-0.00000000000000000e+00
807	b*u^4*v^11	-0.00000000000000000e+00
808	b*u^5*v^10	-0.00000000000000000e+00
809	b*u^6*v^9	0.00000000000000000e+00
810	b*u^7*v^8	0.00000000000000000e+00
811	b*u^8*v^7	-0.00000000000000000e+00
812	b*u^9*v^6	0.00000000000000000e+00
813	b*u^10*v^5	-0.00000000000000000e+00
814	b*u^11*v^4	0.00000000000000000e+00
815	b*u^12*v^3	-0.00000000000000000e+00
816	b^2*u^2*v^12	-0.00000000000000000e+00
817	b^2*u^3*v^11	0.00000000000000000e+00
818	b^2*u^4*v^10	0.00000000000000000e+00
819	b^2*u^5*v^9	-0.00000000000000000e+00
820	b^2*u^6*v^8	-0.00000000000000000e+00
821	b^2*u^7*v^7	-0.00000000000000000e+00
822	b^2*u^8*v^6	-0.00000000000000000e+00
823	b^2*u^9*v^5	-0.00000000000000000e+00
824	b^2*u^10*v^4	0.00000000000000000e+00
825	b^2*u^11*v^3	0.00000000000000000e+00
826	b^2*u^12*v^2	-0.00000000000000000e+00
827	b^3*u*v^12	-0.00000000000000000e+00
828	b^3*u^2*v^11	0.00000000000000000e+00
829	b^3*u^3*v^10	0.00000000000000000e+00
830	b^3*u^4*v^9	0.00000000000000000e+00
831	b^3*u^5*v^8	-0.00000000000000000e+00
832	b^3*u^6*v^7	-0.00000000000000000e+00
833	b^3*u^7*v^6	-0.00000000000000000e+00
834	b^3*u^8*v^5	-0.00000000000000000e+00
835	b^3*u^9*v^4	-0.00000000000000000e+00
836	b^3*u^10*v^3	0.00000000000000000e+00
837	b^3*u^11*v^2	-0.00000000000000000e+00
838	b^3*u^12*v	0.00000000000000000e+00
839	b^4*v^12	-0.00000000000000000e+00
840	b^4*u*v^11	0.00000000000000000e+00
841	b^4*u^2*v^10	0.00000000000000000e+00
842	b^4*u^3*v^9	0.00000000000000000e+00
843	b^4*u^4*v^8	-0.00000000000000000e+00
844	b^4*u^5*v^7	-0.00000000000000000e+00
845	b^4*u^6*v^6	-0.00000000000000000e+00
846	b^4*u^7*v^5	-0.00000000000000000e+00
847	b^4*u^8*v^4	-0.00000000000000000e+00
848	b^4*u^9*v^3	0.00000000000000000e+00
849	b^4*u^10*v^2	0.00000000000000000e+00
850	b^4*u^11*v	-0.00000000000000000e+00
851	b^4*u^12	-0.00000000000000000e+00
852	b^5*v^11	-0.00000000000000000e+00
853	b^5*u*v^10	-0.00000000000000000e+00
854	b^5*u^2*v^9	0.00000000000000000e+00
855	b^5*u^3*v^8	-0.00000000000000000e+00
856	b^5*u^4*v^7	-0.00000000000000000e+00
857	b^5*u^5*v^6	-0.00000000000000000e+00
858	b^5*u^6*v^5	-0.00000000000000000e+00
859	b^5*u^7*v^4	-0.00000000000000000e+00
860	b^5*u^8*v^3	-0.00000000000000000e+00
861	b^5*u^9*v^2	0.00000000000000000e+00
862	b^5*u^10*v	-0.00000000000000000e+00
863	b^5*u^11	-0.00000000000000000e+00
864	b^6*v^10	-0.00000000000000000e+00
865	b^6*u*v^9	0.00000000000000000e+00
866	b^6*u^2*v^8	-0.00000000000000000e+00
867	b^6*u^3*v^7	-0.00000000000000000e+00
868	b^6*u^4*v^6	-1.03192276139828021e+00
869	b^6*u^5*v^5	-1.41362932772614802e+00
870	b^6*u^6*v^4	5.28579892738164359e-02
871	b^6*u^7*v^3	-0.00000000000000000e+00
872	b^6*u^8*v^2	-0.00000000000000000e+00
873	b^6*u^9*v	0.00000000000000000e+00
874	b^6*u^10	-0.00000000000000000e+00
875	b^7*v^9	-0.00000000000000000e+00
876	b^7*u*v^8	-0.00000000000000000e+00
877	b^7*u^2*v^7	-0.00000000000000000e+00
878	b^7*u^3*v^6	2.13107118699038933e+00
879	b^7*u^4*v^5	3.16722963337371111e+00
880	b^7*u^5*v^4	2.30842833903861822e+00
881	b^7*u^6*v^3	1.06723611845205646e+00
882	b^7*u^7*v^2	-0.00000000000000000e+00
883	b^7*u^8*v	-0.00000000000000000e+00
884	b^7*u^9	-0.00000000000000000e+00
885	b^8*v^8	-7.08753364318412686e-04
886	b^8*u*v^7	9.15470029732425722e-03
887	b^8*u^2*v^6	3.23696478251301434e+00
888	b^8*u^3*v^5	2.91905942491370052e+00
889	b^8*u^4*v^4	1.45439012053826566e+00
890	b^8*u^5*v^3	-6.76420519314982260e-01
891	b^8*u^6*v^2	5.56266760673654215e-01
892	b^8*u^7*v	0.00000000000000000e+00
893	b^8*u^8	0.00000000000000000e+00
894	b^9*v^7	7.47849093276857363e-02
895	b^9*u*v^6	2.81539602636318298e+00
896	b^9*u^2*v^5	2.01446537219209665e+00
897	b^9*u^3*v^4	9.04655133516221621e-01
898	b^9*u^4*v^3	-6.48292065167612286e-01
899	b^9*u^5*v^2	-2.39115146310450255e+00
900	b^9*u^6*v	-4.48366139972530764e+00
901	b^9*u^7	0.00000000000000000e+00
902	b^10*v^6	6.51209661841641463e+00
903	b^10*u*v^5	2.68792092256137050e+00
904	b^10*u^2*v^4	1.43874126052822371e+00
905	b^10*u^3*v^3	3.27298009577540794e-01
906	b^10*u^4*v^2	-7.85852024897678469e-01
907	b^10*u^5*v	-3.91209501495990919e+00
908	b^10*u^6	0.00000000000000000e+00
909	b^11*v^5	5.97151939022461598e+00
910	b^11*u*v^4	2.47828771255044256e+00
911	b^11*u^2*v^3	1.29391073089466380e+00
912	b^11*u^3*v^2	1.09575094401604040e-01
913	b^11*u^4*v	-1.96494517284051717e+00
914	b^11*u^5	0.00000000000000000e+00
915	b^12*v^4	5.50596815905754333e+00
916	b^12*u*v^3	2.24289923478003050e+00
917	b^12*u^2*v^2	8.68875127708949702e-01
918	b^12*u^3*v	-6.63639461197878866e-01
919	b^12*u^4	-5.52433460686267885e+00
920	b^13*v^3	5.56450494017946973e+00
921	b^13*u*v^2	2.47626461491393535e+00
922	b^13*u^2*v	7.70744611203023955e-01
923	b^13*u^3	-3.79709736072523096e+00
924	b^14*v^2	4.84123000971295614e+00
925	b^14*u*v	2.04378270539698947e+00
926	b^14*u^2	-2.54753529274650603e+00
927	b^15*v	1.73233690225264467e-06
928	b^15*u	2.43101957226890199e-06
929	b^16	0.00000000000000000e+00
930	u^5*v^12	-0.00000000000000000e+00
931	u^6*v^11	0.00000000000000000e+00
932	u^7*v^10	0.00000000000000000e+00
933	u^8*v^9	0.00000000000000000e+00
934	u^9*v^8	0.00000000000000000e+00
935	u^10*v^7	0.00000000000000000e+00
936	u^11*v^6	-0.00000000000000000e+00
937	u^12*v^5	0.00000000000000000e+00
938	b*u^4*v^12	-0.00000000000000000e+00
939	b*u^5*v^11	0.00000000000000000e+00
940	b*u^6*v^10	0.00000000000000000e+00
941	b*u^7*v^9	0.00000000000000000e+00
942	b*u^8*v^8	0.00000000000000000e+00
943	b*u^9*v^7	0.00000000000000000e+00
944	b*u^10*v^6	0.00000000000000000e+00
945	b*u^11*v^5	0.00000000000000000e+00
946	b*u^12*v^4	0.00000000000000000e+00
947	b^2*u^3*v^12	-0.00000000000000000e+00
948	b^2*u^4*v^11	0.00000000000000000e+00
949	b^2*u^5*v^10	0.00000000000000000e+00
950	b^2*u^6*v^9	0.00000000000000000e+00
951	b^2*u^7*v^8	-0.00000000000000000e+00
952	b^2*u^8*v^7	-0.00000000000000000e+00
953	b^2*u^9*v^6	-0.00000000000000000e+00
954	b^2*u^10*v^5	-0.00000000000000000e+00
955	b^2*u^11*v^4	0.00000000000000000e+00
956	b^2*u^12*v^3	0.00000000000000000e+00
957	b^3*u^2*v^12	-0.00000000000000000e+00
958	b^3*u^3*v^11	-0.00000000000000000e+00
959	b^3*u^4*v^10	-0.00000000000000000e+00
960	b^3*u^5*v^9	-0.00000000000000000e+00
961	b^3*u^6*v^8	-0.00000000000000000e+00
962	b^3*u^7*v^7	-0.00000000000000000e+00
963	b^3*u^8*v^6	-0.00000000000000000e+00
964	b^3*u^9*v^5	-0.00000000000000000e+00
965	b^3*u^10*v^4	0.00000000000000000e+00
966	b^3*u^11*v^3	-0.00000000000000000e+00
967	b^3*u^12*v^2	0.00000000000000000e+00
968	b^4*u*v^12	-0.00000000000000000e+00
969	b^4*u^2*v^11	0.00000000000000000e+00
970	b^4*u^3*v^10	0.00000000000000000e+00
971	b^4*u^4*v^9	0.00000000000000000e+00
972	b^4*u^5*v^8	-0.00000000000000000e+00
973	b^4*u^6*v^7	-0.00000000000000000e+00
974	b^4*u^7*v^6	-0.00000000000000000e+00
975	b^4*u^8*v^5	-0.00000000000000000e+00
976	b^4*u^9*v^4	-0.00000000000000000e+00
977	b^4*u^10*v^3	0.00000000000000000e+00
978	b^4*u^11*v^2	0.00000000000000000e+00
979	b^4*u^12*v	0.00000000000000000e+00
980	b^5*v^12	-0.00000000000000000e+00
981	b^5*u*v^11	0.00000000000000000e+00
982	b^5*u^2*v^10	0.00000000000000000e+00
983	b^5*u^3*v^9	0.00000000000000000e+00
984	b^5*u^4*v^8	-0.00000000000000000e+00
985	b^5*u^5*v^7	-0.00000000000000000e+00
986	b^5*u^6*v^6	-0.00000000000000000e+00
987	b^5*u^7*v^5	-0.00000000000000000e+00
988	b^5*u^8*v^4	-0.00000000000000000e+00
989	b^5*u^9*v^3	0.00000000000000000e+00
990	b^5*u^10*v^2	-0.00000000000000000e+00
991	b^5*u^11*v	-0.00000000000000000e+00
992	b^5*u^12	0.00000000000000000e+00
993	b^6*v^11	-0.00000000000000000e+00
994	b^6*u*v^10	0.00000000000000000e+00
995	b^6*u^2*v^9	0.00000000000000000e+00
996	b^6*u^3*v^8	-0.00000000000000000e+00
997	b^6*u^4*v^7	-0.00000000000000000e+00
998	b^6*u^5*v^6	1.83801222868555669e+00
999	b^6*u^6*v^5	6.14342544164211857e-01
1000	b^6*u^7*v^4	-0.00000000000000000e+00
1001	b^6*u^8*v^3	-0.00000000000000000e+00
1002	b^6*u^9*v^2	0.00000000000000000e+00
1003	b^6*u^10*v	0.00000000000000000e+00
1004	b^6*u^11	0.00000000000000000e+00
1005	b^7*v^10	-0.00000000000000000e+00
1006	b^7*u*v^9	0.00000000000000000e+00
1007	b^7*u^2*v^8	-0.00000000000000000e+00
1008	b^7*u^3*v^7	-0.00000000000000000e+00
1009	b^7*u^4*v^6	4.54566554613141083e+00
1010	b^7*u^5*v^5	5.65791298143788790e+00
1011	b^7*u^6*v^4	3.46345308331207491e+00
1012	b^7*u^7*v^3	-0.00000000000000000e+00
1013	b^7*u^8*v^2	-0.00000000000000000e+00
1014	b^7*u^9*v	-0.00000000000000000e+00
1015	b^7*u^10	0.00000000000000000e+00
1016	b^8*v^9	-0.00000000000000000e+00
1017	b^8*u*v^8	1.44493386120118244e-03
1018	b^8*u^2*v^7	5.79033159291728484e-03
1019	b^8*u^3*v^6	3.83747479879834641e+00
1020	b^8*u^4*v^5	2.38630087335508190e+00
1021	b^8*u^5*v^4	1.65205560569466781e+00
1022	b^8*u^6*v^3	-2.13308385526303185e-01
1023	b^8*u^7*v^2	0.00000000000000000e+00
1024	b^8*u^8*v	-0.00000000000000000e+00
1025	b^8*u^9	0.00000000000000000e+00
1026	b^9*v^8	-4.93493448019910247e-04
1027	b^9*u*v^7	6.75832287139024185e-02
1028	b^9*u^2*v^6	2.25706414560704127e+00
1029	b^9*u^3*v^5	7.73998433122357166e-01
1030	b^9*u^4*v^4	-4.56884055728567828e-01
1031	b^9*u^5*v^3	-1.40450637458802841e+00
1032	b^9*u^6*v^2	-2.53672956002854733e+00
1033	b^9*u^7*v	-0.00000000000000000e+00
1034	b^9*u^8	0.00000000000000000e+00
1035	b^10*v^7	1.00736955020610794e-01
1036	b^10*u*v^6	2.29008443732821343e+00
1037	b^10*u^2*v^5	7.78918333213280301e-01
1038	b^10*u^3*v^4	-3.76536490464015883e-01
1039	b^10*u^4*v^3	-1.85924938743936741e+00
1040	b^10*u^5*v^2	-2.91203239906698697e+00
1041	b^10*u^6*v	-4.19647064094128441e-01
1042	b^10*u^7	0.00000000000000000e+00
1043	b^11*v^6	5.12813201709301048e+00
1044	b^11*u*v^5	1.92897110245175463e+00
1045	b^11*u^2*v^4	5.69764655036831269e-01
1046	b^11*u^3*v^3	-8.76157038638462282e-01
1047	b^11*u^4*v^2	-2.21874121506183908e+00
1048	b^11*u^5*v	-4.13975886838949148e+00
1049	b^11*u^6	0.00000000000000000e+00
1050	b^12*v^5	5.35984315566175695e+00
1051	b^12*u*v^4	2.32136729691692034e+00
1052	b^12*u^2*v^3	8.77979390333030185e-01
1053	b^12*u^3*v^2	-5.24139948229669250e-01
1054	b^12*u^4*v	-2.01325744858239553e+00
1055	b^12*u^5	-8.36043312183561760e+00
1056	b^13*v^4	5.30894882455576766e+00
1057	b^13*u*v^3	2.16318547758804325e+00
1058	b^13*u^2*v^2	8.84173469745283436e-01
1059	b^13*u^3*v	-3.22519595143210880e-01
1060	b^13*u^4	-4.31359708645545314e+00
1061	b^14*v^3	4.59921225910849518e+00
1062	b^14*u*v^2	1.54728379033230357e+00
1063	b^14*u^2*v	-2.02942183309401031e-01
1064	b^14*u^3	-3.63192816399980067e+00
1065	b^15*v^2	-8.77929084004623259e-03
1066	b^15*u*v	-8.55208213721320339e-03
1067	b^15*u^2	-3.96811112242321812e-03
1068	b^16*v	0.00000000000000000e+00
1069	b^16*u	0.00000000000000000e+00
1070	b^17	0.00000000000000000e+00
1071	u^6*v^12	0.00000000000000000e+00
1072	u^7*v^11	-0.00000000000000000e+00
1073	u^8*v^10	-0.00000000000000000e+00
1074	u^9*v^9	-0.00000000000000000e+00
1075	u^10*v^8	0.00000000000000000e+00
1076	u^11*v^7	0.00000000000000000e+00
1077	u^12*v^6	-0.00000000000000000e+00
1078	b*u^5*v^12	0.00000000000000000e+00
1079	b*u^6*v^11	-0.00000000000000000e+00
1080	b*u^7*v^10	-0.00000000000000000e+00
1081	b*u^8*v^9	-0.00000000000000000e+00
1082	b*u^9*v^8	-0.00000000000000000e+00
1083	b*u^10*v^7	-0.00000000000000000e+00
1084	b*u^11*v^6	0.00000000000000000e+00
1085	b*u^12*v^5	-0.00000000000000000e+00
1086	b^2*u^4*v^12	0.00000000000000000e+00
1087	b^2*u^5*v^11	-0.00000000000000000e+00
1088	b^2*u^6*v^10	-0.00000000000000000e+00
1089	b^2*u^7*v^9	-0.00000000000000000e+00
1090	b^2*u^8*v^8	-0.00000000000000000e+00
1091	b^2*u^9*v^7	-0.00000000000000000e+00
1092	b^2*u^10*v^6	-0.00000000000000000e+00
1093	b^2*u^11*v^5	0.00000000000000000e+00
1094	b^2*u^12*v^4	-0.00000000000000000e+00
1095	b^3*u^3*v^12	0.00000000000000000e+00
1096	b^3*u^4*v^11	-0.00000000000000000e+00
1097	b^3*u^5*v^10	0.00000000000000000e+00
1098	b^3*u^6*v^9	0.00000000000000000e+00
1099	b^3*u^7*v^8	0.00000000000000000e+00
1100	b^3*u^8*v^7	0.00000000000000000e+00
1101	b^3*u^9*v^6	0.00000000000000000e+00
1102	b^3*u^10*v^5	0.00000000000000000e+00
1103	b^3*u^11*v^4	0.00000000000000000e+00
1104	b^3*u^12*v^3	-0.00000000000000000e+00
1105	b^4*u^2*v^12	0.00000000000000000e+00
1106	b^4*u^3*v^11	-0.00000000000000000e+00
1107	b^4*u^4*v^10	-0.00000000000000000e+00
1108	b^4*u^5*v^9	-0.00000000000000000e+00
1109	b^4*u^6*v^8	-0.00000000000000000e+00
1110	b^4*u^7*v^7	-0.00000000000000000e+00
1111	b^4*u^8*v^6	-0.00000000000000000e+00
1112	b^4*u^9*v^5	-0.00000000000000000e+00
1113	b^4*u^10*v^4	-0.00000000000000000e+00
1114	b^4*u^11*v^3	0.00000000000000000e+00
1115	b^4*u^12*v^2	-0.00000000000000000e+00
1116	b^5*u*v^12	0.00000000000000000e+00
1117	b^5*u^2*v^11	-0.00000000000000000e+00
1118	b^5*u^3*v^10	0.00000000000000000e+00
1119	b^5*u^4*v^9	0.00000000000000000e+00
1120	b^5*u^5*v^8	0.00000000000000000e+00
1121	b^5*u^6*v^7	0.00000000000000000e+00
1122	b^5*u^7*v^6	0.00000000000000000e+00
1123	b^5*u^8*v^5	0.00000000000000000e+00
1124	b^5*u^9*v^4	-0.00000000000000000e+00
1125	b^5*u^10*v^3	0.00000000000000000e+00
1126	b^5*u^11*v^2	0.00000000000000000e+00
1127	b^5*u^12*v	-0.00000000000000000e+00
1128	b^6*v^12	0.00000000000000000e+00
1129	b^6*u*v^11	-0.00000000000000000e+00
1130	b^6*u^2*v^10	0.00000000000000000e+00
1131	b^6*u^3*v^9	0.00000000000000000e+00
1132	b^6*u^4*v^8	0.00000000000000000e+00
1133	b^6*u^5*v^7	0.00000000000000000e+00
1134	b^6*u^6*v^6	-3.67879085909950356e-05
1135	b^6*u^7*v^5	0.00000000000000000e+00
1136	b^6*u^8*v^4	0.00000000000000000e+00
1137	b^6*u^9*v^3	0.00000000000000000e+00
1138	b^6*u^10*v^2	0.00000000000000000e+00
1139	b^6*u^11*v	0.00000000000000000e+00
1140	b^6*u^12	-0.00000000000000000e+00
1141	b^7*v^11	0.00000000000000000e+00
1142	b^7*u*v^10	-0.00000000000000000e+00
1143	b^7*u^2*v^9	0.00000000000000000e+00
1144	b^7*u^3*v^8	-0.00000000000000000e+00
1145	b^7*u^4*v^7	-0.00000000000000000e+00
1146	b^7*u^5*v^6	2.57975152949173081e+00
1147	b^7*u^6*v^5	2.82887096618242895e+00
1148	b^7*u^7*v^4	-0.00000000000000000e+00
1149	b^7*u^8*v^3	-0.00000000000000000e+00
1150	b^7*u^9*v^2	-0.00000000000000000e+00
1151	b^7*u^10*v	-0.00000000000000000e+00
1152	b^7*u^11	-0.00000000000000000e+00
1153	b^8*v^10	0.00000000000000000e+00
1154	b^8*u*v^9	0.00000000000000000e+00
1155	b^8*u^2*v^8	4.48297078301146987e-05
1156	b^8*u^3*v^7	2.70119605764580989e-03
1157	b^8*u^4*v^6	1.65656222274400799e+00
1158	b^8*u^5*v^5	5.76563474684705257e-01
1159	b^8*u^6*v^4	-6.93028540509478264e-01
1160	b^8*u^7*v^3	-2.06859386905888539e-06
1161	b^8*u^8*v^2	-0.00000000000000000e+00
1162	b^8*u^9*v	-0.00000000000000000e+00
1163	b^8*u^10	-0.00000000000000000e+00
1164	b^9*v^9	0.00000000000000000e+00
1165	b^9*u*v^8	1.39772150893031823e-03
1166	b^9*u^2*v^7	1.08557946925571490e-02
1167	b^9*u^3*v^6	1.44240316511743627e-01
1168	b^9*u^4*v^5	-8.78723795597344703e-01
1169	b^9*u^5*v^4	-1.72012667614229908e+00
1170	b^9*u^6*v^3	-3.38261137005844725e+00
1171	b^9*u^7*v^2	0.00000000000000000e+00
1172	b^9*u^8*v	0.00000000000000000e+00
1173	b^9*u^9	-0.00000000000000000e+00
1174	b^10*v^8	2.17610244787470294e-04
1175	b^10*u*v^7	7.46091804921871493e-02
1176	b^10*u^2*v^6	2.17671011382259583e-01
1177	b^10*u^3*v^5	-1.12542845397105351e+00
1178	b^10*u^4*v^4	-2.10255860905486669e+00
1179	b^10*u^5*v^3	-2.79456259957744813e+00
1180	b^10*u^6*v^2	-6.01868801655899777e+00
1181	b^10*u^7*v	-0.00000000000000000e+00
1182	b^10*u^8	-0.00000000000000000e+00
1183	b^11*v^7	3.41835125893906536e-02
1184	b^11*u*v^6	1.02182976276797799e+00
1185	b^11*u^2*v^5	-4.87999222959696666e-01
1186	b^11*u^3*v^4	-1.53857133726633566e+00
1187	b^11*u^4*v^3	-2.46653297150471307e+00
1188	b^11*u^5*v^2	-3.30347189886883985e+00
1189	b^11*u^6*v	-4.41068352500718408e+00
1190	b^11*u^7	0.00000000000000000e+00
1191	b^12*v^6	3.62896308441835114e+00
1192	b^12*u*v^5	7.34205865452549289e-01
1193	b^12*u^2*v^4	-4.20721246872335308e-01
1194	b^12*u^3*v^3	-1.40942203515506259e+00
1195	b^12*u^4*v^2	-2.57689424587428029e+00
1196	b^12*u^5*v	-2.82223651201321735e+00
1197	b^12*u^6	-1.28823719991322942e+01
1198	b^13*v^5	3.74334165722904011e+00
1199	b^13*u*v^4	1.39494135679064035e+00
1200	b^13*u^2*v^3	2.24290450329204416e-01
